{
  "character_survival": {
    "decision_tree": {
      "val_f1": 0.6178560115842345,
      "accuracy": 0.6752136752136753,
      "classification_report": {
        "False": {
          "precision": 0.6627906976744186,
          "recall": 0.8636363636363636,
          "f1-score": 0.75,
          "support": 66.0
        },
        "True": {
          "precision": 0.7096774193548387,
          "recall": 0.43137254901960786,
          "f1-score": 0.5365853658536586,
          "support": 51.0
        },
        "accuracy": 0.6752136752136753,
        "macro avg": {
          "precision": 0.6862340585146287,
          "recall": 0.6475044563279857,
          "f1-score": 0.6432926829268293,
          "support": 117.0
        },
        "weighted avg": {
          "precision": 0.6832284994325504,
          "recall": 0.6752136752136753,
          "f1-score": 0.6569731081926204,
          "support": 117.0
        }
      }
    },
    "random_forest": {
      "val_f1": 0.62480539699014,
      "accuracy": 0.6837606837606838,
      "classification_report": {
        "False": {
          "precision": 0.6705882352941176,
          "recall": 0.8636363636363636,
          "f1-score": 0.7549668874172185,
          "support": 66.0
        },
        "True": {
          "precision": 0.71875,
          "recall": 0.45098039215686275,
          "f1-score": 0.5542168674698795,
          "support": 51.0
        },
        "accuracy": 0.6837606837606838,
        "macro avg": {
          "precision": 0.6946691176470587,
          "recall": 0.6573083778966132,
          "f1-score": 0.6545918774435491,
          "support": 117.0
        },
        "weighted avg": {
          "precision": 0.6915818250377074,
          "recall": 0.6837606837606838,
          "f1-score": 0.6674604684658143,
          "support": 117.0
        }
      }
    },
    "svc": {
      "val_f1": 0.62480539699014,
      "accuracy": 0.6581196581196581,
      "classification_report": {
        "False": {
          "precision": 0.6547619047619048,
          "recall": 0.8333333333333334,
          "f1-score": 0.7333333333333334,
          "support": 66.0
        },
        "True": {
          "precision": 0.6666666666666666,
          "recall": 0.43137254901960786,
          "f1-score": 0.5238095238095237,
          "support": 51.0
        },
        "accuracy": 0.6581196581196581,
        "macro avg": {
          "precision": 0.6607142857142857,
          "recall": 0.6323529411764706,
          "f1-score": 0.6285714285714286,
          "support": 117.0
        },
        "weighted avg": {
          "precision": 0.65995115995116,
          "recall": 0.6581196581196581,
          "f1-score": 0.642002442002442,
          "support": 117.0
        }
      }
    },
    "naive_bayes": {
      "val_f1": 0.381145954316686,
      "accuracy": 0.38461538461538464,
      "classification_report": {
        "False": {
          "precision": 0.3333333333333333,
          "recall": 0.09090909090909091,
          "f1-score": 0.14285714285714288,
          "support": 66.0
        },
        "True": {
          "precision": 0.3939393939393939,
          "recall": 0.7647058823529411,
          "f1-score": 0.5199999999999999,
          "support": 51.0
        },
        "accuracy": 0.38461538461538464,
        "macro avg": {
          "precision": 0.36363636363636365,
          "recall": 0.42780748663101603,
          "f1-score": 0.3314285714285714,
          "support": 117.0
        },
        "weighted avg": {
          "precision": 0.3597513597513598,
          "recall": 0.38461538461538464,
          "f1-score": 0.30725274725274726,
          "support": 117.0
        }
      }
    },
    "logistic_regression": {
      "val_f1": 0.6498183705241308,
      "accuracy": 0.6666666666666666,
      "classification_report": {
        "False": {
          "precision": 0.6666666666666666,
          "recall": 0.8181818181818182,
          "f1-score": 0.7346938775510203,
          "support": 66.0
        },
        "True": {
          "precision": 0.6666666666666666,
          "recall": 0.47058823529411764,
          "f1-score": 0.5517241379310345,
          "support": 51.0
        },
        "accuracy": 0.6666666666666666,
        "macro avg": {
          "precision": 0.6666666666666666,
          "recall": 0.6443850267379679,
          "f1-score": 0.6432090077410274,
          "support": 117.0
        },
        "weighted avg": {
          "precision": 0.6666666666666666,
          "recall": 0.6666666666666666,
          "f1-score": 0.654937837203847,
          "support": 117.0
        }
      }
    },
    "best_model": "logistic_regression"
  },
  "scene_death": {
    "decision_tree": {
      "val_f1": 0.48115677092221765,
      "accuracy": 0.7664,
      "classification_report": {
        "0": {
          "precision": 0.9468405215646941,
          "recall": 0.797971259509721,
          "f1-score": 0.8660550458715597,
          "support": 1183.0
        },
        "1": {
          "precision": 0.05533596837944664,
          "recall": 0.208955223880597,
          "f1-score": 0.0875,
          "support": 67.0
        },
        "accuracy": 0.7664,
        "macro avg": {
          "precision": 0.5010882449720704,
          "recall": 0.503463241695159,
          "f1-score": 0.47677752293577985,
          "support": 1250.0
        },
        "weighted avg": {
          "precision": 0.8990558775139649,
          "recall": 0.7664,
          "f1-score": 0.824324495412844,
          "support": 1250.0
        }
      }
    },
    "random_forest": {
      "val_f1": 0.5094947796230118,
      "accuracy": 0.836,
      "classification_report": {
        "0": {
          "precision": 0.9478021978021978,
          "recall": 0.874894336432798,
          "f1-score": 0.9098901098901099,
          "support": 1183.0
        },
        "1": {
          "precision": 0.06329113924050633,
          "recall": 0.14925373134328357,
          "f1-score": 0.08888888888888889,
          "support": 67.0
        },
        "accuracy": 0.836,
        "macro avg": {
          "precision": 0.5055466685213521,
          "recall": 0.5120740338880407,
          "f1-score": 0.4993894993894994,
          "support": 1250.0
        },
        "weighted avg": {
          "precision": 0.9003924050632911,
          "recall": 0.836,
          "f1-score": 0.8658844444444445,
          "support": 1250.0
        }
      }
    },
    "svc": {
      "val_f1": 0.3318671748788368,
      "accuracy": 0.4608,
      "classification_report": {
        "0": {
          "precision": 0.9457092819614711,
          "recall": 0.45646661031276414,
          "f1-score": 0.6157354618015964,
          "support": 1183.0
        },
        "1": {
          "precision": 0.053019145802650956,
          "recall": 0.5373134328358209,
          "f1-score": 0.09651474530831099,
          "support": 67.0
        },
        "accuracy": 0.4608,
        "macro avg": {
          "precision": 0.49936421388206104,
          "recall": 0.4968900215742925,
          "f1-score": 0.3561251035549537,
          "support": 1250.0
        },
        "weighted avg": {
          "precision": 0.8978610906633583,
          "recall": 0.4608,
          "f1-score": 0.5879052313975563,
          "support": 1250.0
        }
      }
    },
    "naive_bayes": {
      "val_f1": 0.4900932400932401,
      "accuracy": 0.9416,
      "classification_report": {
        "0": {
          "precision": 0.9461414790996785,
          "recall": 0.9949281487743026,
          "f1-score": 0.9699217140502678,
          "support": 1183.0
        },
        "1": {
          "precision": 0.0,
          "recall": 0.0,
          "f1-score": 0.0,
          "support": 67.0
        },
        "accuracy": 0.9416,
        "macro avg": {
          "precision": 0.47307073954983925,
          "recall": 0.4974640743871513,
          "f1-score": 0.4849608570251339,
          "support": 1250.0
        },
        "weighted avg": {
          "precision": 0.8954282958199358,